qber,h2_qber,ec_leak_fraction,net_secure_fraction,net_key_bps,pool_stable,depletion_time_s
0.000000,0.000000,0.000000,1.000000,1000000.000,True,
0.000200,0.002746,0.003185,0.994069,994068.526,True,
0.000400,0.005092,0.005907,0.989001,989001.177,True,
0.000600,0.007287,0.008453,0.984260,984260.064,True,
0.000800,0.009384,0.010885,0.979731,979730.853,True,
0.001000,0.011408,0.013233,0.975359,975359.243,True,
0.001200,0.013373,0.015513,0.971113,971113.251,True,
0.001400,0.015291,0.017737,0.966972,966971.745,True,
0.001600,0.017167,0.019913,0.962920,962919.703,True,
0.001800,0.019007,0.022048,0.958946,958945.896,True,
0.002000,0.020814,0.024144,0.955042,955041.606,True,
0.002200,0.022593,0.026207,0.951200,951199.870,True,
0.002400,0.024345,0.028240,0.947415,947414.995,True,
0.002600,0.026073,0.030245,0.943682,943682.243,True,
0.002800,0.027779,0.032224,0.939998,939997.605,True,
0.003000,0.029464,0.034178,0.936358,936357.648,True,
0.003200,0.031130,0.036111,0.932759,932759.396,True,
0.003400,0.032778,0.038022,0.929200,929200.247,True,
0.003600,0.034408,0.039914,0.925678,925677.906,True,
0.003800,0.036023,0.041787,0.922190,922190.333,True,
0.004000,0.037622,0.043642,0.918736,918735.702,True,
0.004200,0.039207,0.045480,0.915312,915312.371,True,
0.004400,0.040778,0.047303,0.911919,911918.855,True,
0.004600,0.042336,0.049110,0.908554,908553.804,True,
0.004800,0.043881,0.050903,0.905216,905215.984,True,
0.005000,0.045415,0.052681,0.901904,901904.265,True,
0.005200,0.046936,0.054446,0.898618,898617.607,True,
0.005400,0.048447,0.056198,0.895355,895355.052,True,
0.005600,0.049946,0.057938,0.892116,892115.711,True,
0.005800,0.051436,0.059665,0.888899,888898.758,True,
0.006000,0.052915,0.061381,0.885703,885703.426,True,
0.006200,0.054385,0.063086,0.882529,882528.999,True,
0.006400,0.055845,0.064780,0.879375,879374.805,True,
0.006600,0.057296,0.066464,0.876240,876240.215,True,
0.006800,0.058739,0.068137,0.873125,873124.641,True,
0.007000,0.060172,0.069800,0.870028,870027.525,True,
0.007200,0.061598,0.071454,0.866948,866948.344,True,
0.007400,0.063015,0.073098,0.863887,863886.604,True,
0.007600,0.064425,0.074733,0.860842,860841.835,True,
0.007800,0.065827,0.076359,0.857814,857813.595,True,
0.008000,0.067222,0.077977,0.854801,854801.463,True,
0.008200,0.068609,0.079586,0.851805,851805.040,True,
0.008400,0.069989,0.081187,0.848824,848823.945,True,
0.008600,0.071362,0.082780,0.845858,845857.815,True,
0.008800,0.072729,0.084365,0.842906,842906.308,True,
0.009000,0.074088,0.085943,0.839969,839969.091,True,
0.009200,0.075442,0.087512,0.837046,837045.852,True,
0.009400,0.076789,0.089075,0.834136,834136.288,True,
0.009600,0.078130,0.090630,0.831240,831240.111,True,
0.009800,0.079464,0.092179,0.828357,828357.046,True,
0.010000,0.080793,0.093720,0.825487,825486.826,True,
0.010200,0.082116,0.095255,0.822629,822629.199,True,
0.010400,0.083433,0.096783,0.819784,819783.918,True,
0.010600,0.084745,0.098304,0.816951,816950.750,True,
0.010800,0.086051,0.099819,0.814129,814129.467,True,
0.011000,0.087352,0.101328,0.811320,811319.853,True,
0.011200,0.088647,0.102831,0.808522,808521.697,True,
0.011400,0.089938,0.104328,0.805735,805734.797,True,
0.011600,0.091223,0.105818,0.802959,802958.958,True,
0.011800,0.092503,0.107303,0.800194,800193.991,True,
0.012000,0.093778,0.108782,0.797440,797439.715,True,
0.012200,0.095048,0.110256,0.794696,794695.952,True,
0.012400,0.096314,0.111724,0.791963,791962.533,True,
0.012600,0.097574,0.113186,0.789239,789239.293,True,
0.012800,0.098831,0.114643,0.786526,786526.073,True,
0.013000,0.100082,0.116095,0.783823,783822.717,True,
0.013200,0.101329,0.117542,0.781129,781129.076,True,
0.013400,0.102572,0.118983,0.778445,778445.006,True,
0.013600,0.103810,0.120420,0.775770,775770.364,True,
0.013800,0.105044,0.121851,0.773105,773105.014,True,
0.014000,0.106274,0.123277,0.770449,770448.823,True,
0.014200,0.107499,0.124699,0.767802,767801.662,True,
0.014400,0.108721,0.126116,0.765163,765163.407,True,
0.014600,0.109938,0.127528,0.762534,762533.934,True,
0.014800,0.111151,0.128936,0.759913,759913.126,True,
0.015000,0.112361,0.130338,0.757301,757300.866,True,
0.015200,0.113566,0.131737,0.754697,754697.043,True,
0.015400,0.114768,0.133131,0.752102,752101.548,True,
0.015600,0.115966,0.134520,0.749514,749514.274,True,
0.015800,0.117160,0.135905,0.746935,746935.117,True,
0.016000,0.118350,0.137286,0.744364,744363.975,True,
0.016200,0.119537,0.138663,0.741801,741800.752,True,
0.016400,0.120720,0.140035,0.739245,739245.349,True,
0.016600,0.121899,0.141403,0.736698,736697.674,True,
0.016800,0.123075,0.142767,0.734158,734157.635,True,
0.017000,0.124248,0.144127,0.731625,731625.142,True,
0.017200,0.125417,0.145483,0.729100,729100.109,True,
0.017400,0.126582,0.146835,0.726582,726582.450,True,
0.017600,0.127744,0.148184,0.724072,724072.081,True,
0.017800,0.128903,0.149528,0.721569,721568.922,True,
0.018000,0.130059,0.150868,0.719073,719072.892,True,
0.018200,0.131211,0.152205,0.716584,716583.915,True,
0.018400,0.132360,0.153538,0.714102,714101.913,True,
0.018600,0.133506,0.154867,0.711627,711626.813,True,
0.018800,0.134649,0.156193,0.709159,709158.542,True,
0.019000,0.135788,0.157515,0.706697,706697.028,True,
0.019200,0.136925,0.158833,0.704242,704242.202,True,
0.019400,0.138058,0.160148,0.701794,701793.995,True,
0.019600,0.139189,0.161459,0.699352,699352.341,True,
0.019800,0.140316,0.162767,0.696917,696917.173,True,
0.020000,0.141441,0.164071,0.694488,694488.428,True,
0.020200,0.142562,0.165372,0.692066,692066.043,False,5.284048
0.020400,0.143681,0.166669,0.689650,689649.956,False,2.645463
0.020600,0.144796,0.167964,0.687240,687240.106,False,1.765926
0.020800,0.145909,0.169255,0.684836,684836.435,False,1.326151
0.021000,0.147019,0.170542,0.682439,682438.884,False,1.062281
0.021200,0.148126,0.171826,0.680047,680047.396,False,0.886363
0.021400,0.149231,0.173107,0.677662,677661.915,False,0.760704
0.021600,0.150332,0.174385,0.675282,675282.386,False,0.666457
0.021800,0.151431,0.175660,0.672909,672908.756,False,0.593151
0.022000,0.152527,0.176932,0.670541,670540.970,False,0.534504
0.022200,0.153621,0.178200,0.668179,668178.979,False,0.486517
0.022400,0.154712,0.179466,0.665823,665822.729,False,0.446527
0.022600,0.155800,0.180728,0.663472,663472.172,False,0.412687
0.022800,0.156886,0.181987,0.661127,661127.258,False,0.383680
0.023000,0.157969,0.183244,0.658788,658787.938,False,0.358538
0.023200,0.159049,0.184497,0.656454,656454.166,False,0.336539
0.023400,0.160127,0.185747,0.654126,654125.894,False,0.317126
0.023600,0.161202,0.186995,0.651803,651803.077,False,0.299869
0.023800,0.162275,0.188239,0.649486,649485.669,False,0.284427
0.024000,0.163346,0.189481,0.647174,647173.627,False,0.270528
0.024200,0.164413,0.190720,0.644867,644866.906,False,0.257953
0.024400,0.165479,0.191956,0.642565,642565.463,False,0.246519
0.024600,0.166542,0.193189,0.640269,640269.257,False,0.236079
0.024800,0.167603,0.194419,0.637978,637978.245,False,0.226508
0.025000,0.168661,0.195647,0.635692,635692.388,False,0.217702
0.025200,0.169717,0.196872,0.633412,633411.644,False,0.209572
0.025400,0.170770,0.198094,0.631136,631135.975,False,0.202044
0.025600,0.171822,0.199313,0.628865,628865.342,False,0.195053
0.025800,0.172871,0.200530,0.626600,626599.705,False,0.188544
0.026000,0.173917,0.201744,0.624339,624339.027,False,0.182468
0.026200,0.174961,0.202955,0.622083,622083.272,False,0.176783
0.026400,0.176004,0.204164,0.619832,619832.403,False,0.171453
0.026600,0.177043,0.205370,0.617586,617586.383,False,0.166446
0.026800,0.178081,0.206574,0.615345,615345.177,False,0.161732
0.027000,0.179116,0.207775,0.613109,613108.751,False,0.157287
0.027200,0.180150,0.208973,0.610877,610877.069,False,0.153089
0.027400,0.181181,0.210169,0.608650,608650.098,False,0.149118
0.027600,0.182209,0.211363,0.606428,606427.804,False,0.145354
0.027800,0.183236,0.212554,0.604210,604210.155,False,0.141784
0.028000,0.184261,0.213742,0.601997,601997.118,False,0.138391
0.028200,0.185283,0.214928,0.599789,599788.661,False,0.135164
0.028400,0.186303,0.216112,0.597585,597584.753,False,0.132090
0.028600,0.187322,0.217293,0.595385,595385.362,False,0.129158
0.028800,0.188338,0.218472,0.593190,593190.457,False,0.126360
0.029000,0.189352,0.219648,0.591000,591000.009,False,0.123685
0.029200,0.190364,0.220822,0.588814,588813.988,False,0.121127
0.029400,0.191374,0.221994,0.586632,586632.364,False,0.118677
0.029600,0.192382,0.223163,0.584455,584455.108,False,0.116328
0.029800,0.193388,0.224330,0.582282,582282.192,False,0.114076
0.030000,0.194392,0.225495,0.580114,580113.587,False,0.111913
0.030200,0.195394,0.226657,0.577949,577949.266,False,0.109834
0.030400,0.196394,0.227817,0.575789,575789.200,False,0.107836
0.030600,0.197392,0.228975,0.573633,573633.364,False,0.105912
0.030800,0.198388,0.230130,0.571482,571481.729,False,0.104059
0.031000,0.199382,0.231283,0.569334,569334.271,False,0.102274
0.031200,0.200375,0.232434,0.567191,567190.961,False,0.100552
0.031400,0.201365,0.233583,0.565052,565051.776,False,0.098890
0.031600,0.202353,0.234730,0.562917,562916.689,False,0.097285
0.031800,0.203340,0.235874,0.560786,560785.676,False,0.095735
0.032000,0.204325,0.237017,0.558659,558658.711,False,0.094236
0.032200,0.205308,0.238157,0.556536,556535.770,False,0.092785
0.032400,0.206289,0.239295,0.554417,554416.829,False,0.091382
0.032600,0.207268,0.240430,0.552302,552301.864,False,0.090023
0.032800,0.208245,0.241564,0.550191,550190.851,False,0.088706
0.033000,0.209220,0.242696,0.548084,548083.768,False,0.087429
0.033200,0.210194,0.243825,0.545981,545980.591,False,0.086191
0.033400,0.211166,0.244953,0.543881,543881.297,False,0.084989
0.033600,0.212136,0.246078,0.541786,541785.864,False,0.083823
0.033800,0.213105,0.247201,0.539694,539694.270,False,0.082690
0.034000,0.214071,0.248322,0.537606,537606.493,False,0.081590
0.034200,0.215036,0.249442,0.535523,535522.511,False,0.080520
0.034400,0.215999,0.250559,0.533442,533442.303,False,0.079480
0.034600,0.216960,0.251674,0.531366,531365.847,False,0.078469
0.034800,0.217920,0.252787,0.529293,529293.123,False,0.077484
0.035000,0.218878,0.253898,0.527224,527224.111,False,0.076526
0.035200,0.219834,0.255007,0.525159,525158.788,False,0.075592
0.035400,0.220788,0.256115,0.523097,523097.137,False,0.074683
0.035600,0.221741,0.257220,0.521039,521039.135,False,0.073797
0.035800,0.222692,0.258323,0.518985,518984.764,False,0.072933
0.036000,0.223642,0.259424,0.516934,516934.005,False,0.072091
0.036200,0.224589,0.260524,0.514887,514886.837,False,0.071269
0.036400,0.225536,0.261621,0.512843,512843.242,False,0.070467
0.036600,0.226480,0.262717,0.510803,510803.200,False,0.069684
0.036800,0.227423,0.263810,0.508767,508766.694,False,0.068920
0.037000,0.228364,0.264902,0.506734,506733.704,False,0.068174
0.037200,0.229304,0.265992,0.504704,504704.213,False,0.067445
0.037400,0.230242,0.267080,0.502678,502678.202,False,0.066733
0.037600,0.231178,0.268166,0.500656,500655.653,False,0.066036
0.037800,0.232113,0.269251,0.498637,498636.549,False,0.065356
0.038000,0.233046,0.270333,0.496621,496620.872,False,0.064690
0.038200,0.233977,0.271414,0.494609,494608.605,False,0.064038
0.038400,0.234908,0.272493,0.492600,492599.731,False,0.063401
0.038600,0.235836,0.273570,0.490594,490594.232,False,0.062778
0.038800,0.236763,0.274645,0.488592,488592.092,False,0.062167
0.039000,0.237688,0.275718,0.486593,486593.295,False,0.061570
0.039200,0.238612,0.276790,0.484598,484597.823,False,0.060984
0.039400,0.239534,0.277860,0.482606,482605.661,False,0.060411
0.039600,0.240455,0.278928,0.480617,480616.792,False,0.059849
0.039800,0.241374,0.279994,0.478631,478631.201,False,0.059298
0.040000,0.242292,0.281059,0.476649,476648.872,False,0.058759
0.040200,0.243208,0.282122,0.474670,474669.788,False,0.058230
0.040400,0.244123,0.283183,0.472694,472693.935,False,0.057711
0.040600,0.245036,0.284242,0.470721,470721.298,False,0.057202
0.040800,0.245948,0.285300,0.468752,468751.861,False,0.056703
0.041000,0.246859,0.286356,0.466786,466785.608,False,0.056214
0.041200,0.247767,0.287410,0.464823,464822.526,False,0.055733
0.041400,0.248675,0.288463,0.462863,462862.600,False,0.055262
0.041600,0.249581,0.289514,0.460906,460905.814,False,0.054799
0.041800,0.250485,0.290563,0.458952,458952.155,False,0.054344
0.042000,0.251388,0.291610,0.457002,457001.607,False,0.053898
0.042200,0.252290,0.292656,0.455054,455054.158,False,0.053459
0.042400,0.253190,0.293700,0.453110,453109.793,False,0.053029
0.042600,0.254089,0.294743,0.451168,451168.498,False,0.052606
0.042800,0.254986,0.295784,0.449230,449230.259,False,0.052190
0.043000,0.255882,0.296823,0.447295,447295.062,False,0.051781
0.043200,0.256776,0.297861,0.445363,445362.895,False,0.051380
0.043400,0.257670,0.298897,0.443434,443433.743,False,0.050985
0.043600,0.258561,0.299931,0.441508,441507.594,False,0.050597
0.043800,0.259452,0.300964,0.439584,439584.434,False,0.050215
0.044000,0.260341,0.301995,0.437664,437664.250,False,0.049840
0.044200,0.261228,0.303025,0.435747,435747.029,False,0.049470
0.044400,0.262114,0.304053,0.433833,433832.760,False,0.049107
0.044600,0.262999,0.305079,0.431921,431921.427,False,0.048749
0.044800,0.263883,0.306104,0.430013,430013.021,False,0.048398
0.045000,0.264765,0.307127,0.428108,428107.527,False,0.048051
0.045200,0.265646,0.308149,0.426205,426204.933,False,0.047711
0.045400,0.266525,0.309169,0.424305,424305.228,False,0.047375
0.045600,0.267404,0.310188,0.422408,422408.399,False,0.047045
0.045800,0.268280,0.311205,0.420514,420514.434,False,0.046720
0.046000,0.269156,0.312221,0.418623,418623.322,False,0.046399
0.046200,0.270030,0.313235,0.416735,416735.049,False,0.046084
0.046400,0.270903,0.314247,0.414850,414849.606,False,0.045773
0.046600,0.271775,0.315258,0.412967,412966.979,False,0.045467
0.046800,0.272645,0.316268,0.411087,411087.159,False,0.045166
0.047000,0.273514,0.317276,0.409210,409210.132,False,0.044868
0.047200,0.274382,0.318283,0.407336,407335.889,False,0.044576
0.047400,0.275248,0.319288,0.405464,405464.417,False,0.044287
0.047600,0.276113,0.320291,0.403596,403595.705,False,0.044002
0.047800,0.276977,0.321293,0.401730,401729.743,False,0.043722
0.048000,0.277840,0.322294,0.399867,399866.520,False,0.043446
0.048200,0.278701,0.323293,0.398006,398006.025,False,0.043173
0.048400,0.279561,0.324291,0.396148,396148.247,False,0.042904
0.048600,0.280420,0.325287,0.394293,394293.175,False,0.042639
0.048800,0.281277,0.326282,0.392441,392440.798,False,0.042377
0.049000,0.282134,0.327275,0.390591,390591.108,False,0.042119
0.049200,0.282989,0.328267,0.388744,388744.092,False,0.041865
0.049400,0.283843,0.329258,0.386900,386899.741,False,0.041614
0.049600,0.284695,0.330247,0.385058,385058.044,False,0.041366
0.049800,0.285547,0.331234,0.383219,383218.991,False,0.041122
0.050000,0.286397,0.332220,0.381383,381382.573,False,0.040881
0.050200,0.287246,0.333205,0.379549,379548.778,False,0.040643
0.050400,0.288094,0.334189,0.377718,377717.598,False,0.040408
0.050600,0.288940,0.335171,0.375889,375889.023,False,0.040176
0.050800,0.289786,0.336151,0.374063,374063.042,False,0.039947
0.051000,0.290630,0.337131,0.372240,372239.646,False,0.039721
0.051200,0.291473,0.338108,0.370419,370418.826,False,0.039498
0.051400,0.292315,0.339085,0.368601,368600.572,False,0.039277
0.051600,0.293155,0.340060,0.366785,366784.874,False,0.039060
0.051800,0.293995,0.341034,0.364972,364971.723,False,0.038845
0.052000,0.294833,0.342006,0.363161,363161.110,False,0.038632
0.052200,0.295670,0.342977,0.361353,361353.026,False,0.038423
0.052400,0.296506,0.343947,0.359547,359547.461,False,0.038216
0.052600,0.297341,0.344915,0.357744,357744.406,False,0.038011
0.052800,0.298174,0.345882,0.355944,355943.853,False,0.037809
0.053000,0.299007,0.346848,0.354146,354145.792,False,0.037609
0.053200,0.299838,0.347812,0.352350,352350.215,False,0.037412
0.053400,0.300668,0.348775,0.350557,350557.112,False,0.037217
0.053600,0.301497,0.349737,0.348766,348766.475,False,0.037024
0.053800,0.302325,0.350697,0.346978,346978.296,False,0.036833
0.054000,0.303152,0.351656,0.345193,345192.565,False,0.036645
0.054200,0.303977,0.352614,0.343409,343409.274,False,0.036459
0.054400,0.304802,0.353570,0.341628,341628.415,False,0.036275
0.054600,0.305625,0.354525,0.339850,339849.979,False,0.036093
0.054800,0.306447,0.355479,0.338074,338073.957,False,0.035913
0.055000,0.307268,0.356431,0.336300,336300.343,False,0.035735
0.055200,0.308088,0.357383,0.334529,334529.126,False,0.035560
0.055400,0.308907,0.358332,0.332760,332760.300,False,0.035386
0.055600,0.309725,0.359281,0.330994,330993.855,False,0.035214
0.055800,0.310542,0.360228,0.329230,329229.785,False,0.035044
0.056000,0.311357,0.361175,0.327468,327468.080,False,0.034875
0.056200,0.312172,0.362119,0.325709,325708.733,False,0.034709
0.056400,0.312985,0.363063,0.323952,323951.736,False,0.034544
0.056600,0.313798,0.364005,0.322197,322197.082,False,0.034382
0.056800,0.314609,0.364946,0.320445,320444.761,False,0.034221
0.057000,0.315419,0.365886,0.318695,318694.768,False,0.034061
0.057200,0.316228,0.366825,0.316947,316947.093,False,0.033904
0.057400,0.317036,0.367762,0.315202,315201.730,False,0.033748
0.057600,0.317843,0.368698,0.313459,313458.671,False,0.033593
0.057800,0.318649,0.369633,0.311718,311717.908,False,0.033440
0.058000,0.319454,0.370567,0.309979,309979.434,False,0.033289
0.058200,0.320258,0.371499,0.308243,308243.241,False,0.033140
0.058400,0.321060,0.372430,0.306509,306509.323,False,0.032991
0.058600,0.321862,0.373360,0.304778,304777.671,False,0.032845
0.058800,0.322663,0.374289,0.303048,303048.278,False,0.032700
0.059000,0.323462,0.375216,0.301321,301321.139,False,0.032556
0.059200,0.324261,0.376143,0.299596,299596.244,False,0.032414
0.059400,0.325059,0.377068,0.297874,297873.587,False,0.032273
0.059600,0.325855,0.377992,0.296153,296153.161,False,0.032134
0.059800,0.326650,0.378915,0.294435,294434.959,False,0.031996
0.060000,0.327445,0.379836,0.292719,292718.975,False,0.031859
0.060200,0.328238,0.380756,0.291005,291005.200,False,0.031724
0.060400,0.329031,0.381676,0.289294,289293.628,False,0.031590
0.060600,0.329822,0.382594,0.287584,287584.253,False,0.031457
0.060800,0.330612,0.383510,0.285877,285877.068,False,0.031326
0.061000,0.331402,0.384426,0.284172,284172.065,False,0.031195
0.061200,0.332190,0.385341,0.282469,282469.239,False,0.031067
0.061400,0.332978,0.386254,0.280769,280768.582,False,0.030939
0.061600,0.333764,0.387166,0.279070,279070.088,False,0.030812
0.061800,0.334549,0.388077,0.277374,277373.750,False,0.030687
0.062000,0.335334,0.388987,0.275680,275679.563,False,0.030563
0.062200,0.336117,0.389896,0.273988,273987.518,False,0.030440
0.062400,0.336899,0.390803,0.272298,272297.611,False,0.030318
0.062600,0.337681,0.391710,0.270610,270609.834,False,0.030197
0.062800,0.338461,0.392615,0.268924,268924.181,False,0.030078
0.063000,0.339240,0.393519,0.267241,267240.646,False,0.029959
0.063200,0.340019,0.394422,0.265559,265559.222,False,0.029842
0.063400,0.340796,0.395324,0.263880,263879.904,False,0.029725
0.063600,0.341573,0.396224,0.262203,262202.685,False,0.029610
0.063800,0.342348,0.397124,0.260528,260527.560,False,0.029496
0.064000,0.343123,0.398023,0.258855,258854.521,False,0.029382
0.064200,0.343896,0.398920,0.257184,257183.562,False,0.029270
0.064400,0.344669,0.399816,0.255515,255514.679,False,0.029159
0.064600,0.345441,0.400711,0.253848,253847.864,False,0.029049
0.064800,0.346212,0.401605,0.252183,252183.113,False,0.028939
0.065000,0.346981,0.402498,0.250520,250520.418,False,0.028831
0.065200,0.347750,0.403390,0.248860,248859.774,False,0.028723
0.065400,0.348518,0.404281,0.247201,247201.175,False,0.028617
0.065600,0.349285,0.405170,0.245545,245544.616,False,0.028511
0.065800,0.350051,0.406059,0.243890,243890.090,False,0.028407
0.066000,0.350816,0.406946,0.242238,242237.591,False,0.028303
0.066200,0.351580,0.407833,0.240587,240587.115,False,0.028200
0.066400,0.352343,0.408718,0.238939,238938.656,False,0.028098
0.066600,0.353105,0.409602,0.237292,237292.207,False,0.027997
0.066800,0.353867,0.410485,0.235648,235647.763,False,0.027896
0.067000,0.354627,0.411368,0.234005,234005.319,False,0.027797
0.067200,0.355387,0.412248,0.232365,232364.869,False,0.027698
0.067400,0.356145,0.413128,0.230726,230726.407,False,0.027600
0.067600,0.356903,0.414007,0.229090,229089.929,False,0.027503
0.067800,0.357660,0.414885,0.227455,227455.428,False,0.027407
0.068000,0.358415,0.415762,0.225823,225822.899,False,0.027312
0.068200,0.359170,0.416637,0.224192,224192.337,False,0.027217
0.068400,0.359924,0.417512,0.222564,222563.736,False,0.027123
0.068600,0.360677,0.418386,0.220937,220937.092,False,0.027030
0.068800,0.361429,0.419258,0.219312,219312.399,False,0.026937
0.069000,0.362181,0.420130,0.217690,217689.651,False,0.026846
0.069200,0.362931,0.421000,0.216069,216068.843,False,0.026755
0.069400,0.363681,0.421869,0.214450,214449.971,False,0.026665
0.069600,0.364429,0.422738,0.212833,212833.029,False,0.026575
0.069800,0.365177,0.423605,0.211218,211218.012,False,0.026486
0.070000,0.365924,0.424471,0.209605,209604.914,False,0.026398
0.070200,0.366670,0.425337,0.207994,207993.731,False,0.026311
0.070400,0.367415,0.426201,0.206384,206384.458,False,0.026224
0.070600,0.368159,0.427064,0.204777,204777.090,False,0.026138
0.070800,0.368902,0.427926,0.203172,203171.621,False,0.026052
0.071000,0.369644,0.428788,0.201568,201568.047,False,0.025968
0.071200,0.370386,0.429648,0.199966,199966.363,False,0.025884
0.071400,0.371127,0.430507,0.198367,198366.564,False,0.025800
0.071600,0.371866,0.431365,0.196769,196768.644,False,0.025717
0.071800,0.372605,0.432222,0.195173,195172.600,False,0.025635
0.072000,0.373343,0.433078,0.193578,193578.426,False,0.025553
0.072200,0.374081,0.433933,0.191986,191986.118,False,0.025473
0.072400,0.374817,0.434788,0.190396,190395.671,False,0.025392
0.072600,0.375552,0.435641,0.188807,188807.079,False,0.025312
0.072800,0.376287,0.436493,0.187220,187220.339,False,0.025233
0.073000,0.377021,0.437344,0.185635,185635.446,False,0.025155
0.073200,0.377754,0.438194,0.184052,184052.395,False,0.025077
0.073400,0.378486,0.439043,0.182471,182471.181,False,0.024999
0.073600,0.379217,0.439891,0.180892,180891.799,False,0.024922
0.073800,0.379947,0.440739,0.179314,179314.246,False,0.024846
0.074000,0.380677,0.441585,0.177739,177738.517,False,0.024770
0.074200,0.381405,0.442430,0.176165,176164.606,False,0.024695
0.074400,0.382133,0.443274,0.174593,174592.510,False,0.024620
0.074600,0.382860,0.444118,0.173022,173022.224,False,0.024546
0.074800,0.383586,0.444960,0.171454,171453.744,False,0.024473
0.075000,0.384312,0.445801,0.169887,169887.065,False,0.024399
0.075200,0.385036,0.446642,0.168322,168322.182,False,0.024327
0.075400,0.385760,0.447481,0.166759,166759.092,False,0.024255
0.075600,0.386483,0.448320,0.165198,165197.790,False,0.024183
0.075800,0.387205,0.449157,0.163638,163638.272,False,0.024112
0.076000,0.387926,0.449994,0.162081,162080.533,False,0.024042
0.076200,0.388646,0.450829,0.160525,160524.568,False,0.023972
0.076400,0.389366,0.451664,0.158970,158970.375,False,0.023902
0.076600,0.390084,0.452498,0.157418,157417.948,False,0.023833
0.076800,0.390802,0.453331,0.155867,155867.284,False,0.023764
0.077000,0.391519,0.454162,0.154318,154318.377,False,0.023696
0.077200,0.392236,0.454993,0.152771,152771.224,False,0.023629
0.077400,0.392951,0.455823,0.151226,151225.821,False,0.023561
0.077600,0.393666,0.456652,0.149682,149682.164,False,0.023495
0.077800,0.394380,0.457480,0.148140,148140.248,False,0.023428
0.078000,0.395093,0.458307,0.146600,146600.069,False,0.023362
0.078200,0.395805,0.459134,0.145062,145061.624,False,0.023297
0.078400,0.396516,0.459959,0.143525,143524.908,False,0.023232
0.078600,0.397227,0.460783,0.141990,141989.917,False,0.023167
0.078800,0.397937,0.461607,0.140457,140456.647,False,0.023103
0.079000,0.398646,0.462429,0.138925,138925.094,False,0.023040
0.079200,0.399354,0.463251,0.137395,137395.254,False,0.022976
0.079400,0.400062,0.464071,0.135867,135867.124,False,0.022914
0.079600,0.400768,0.464891,0.134341,134340.699,False,0.022851
0.079800,0.401474,0.465710,0.132816,132815.975,False,0.022789
0.080000,0.402179,0.466528,0.131293,131292.949,False,0.022727
0.080200,0.402884,0.467345,0.129772,129771.617,False,0.022666
0.080400,0.403587,0.468161,0.128252,128251.974,False,0.022605
0.080600,0.404290,0.468976,0.126734,126734.017,False,0.022545
0.080800,0.404992,0.469790,0.125218,125217.742,False,0.022485
0.081000,0.405693,0.470604,0.123703,123703.145,False,0.022425
0.081200,0.406393,0.471416,0.122190,122190.223,False,0.022366
0.081400,0.407093,0.472228,0.120679,120678.972,False,0.022307
0.081600,0.407792,0.473039,0.119169,119169.388,False,0.022249
0.081800,0.408490,0.473848,0.117661,117661.467,False,0.022190
0.082000,0.409187,0.474657,0.116155,116155.205,False,0.022133
0.082200,0.409884,0.475465,0.114651,114650.600,False,0.022075
0.082400,0.410580,0.476273,0.113148,113147.646,False,0.022018
0.082600,0.411275,0.477079,0.111646,111646.342,False,0.021961
0.082800,0.411969,0.477884,0.110147,110146.682,False,0.021905
0.083000,0.412663,0.478689,0.108649,108648.663,False,0.021849
0.083200,0.413355,0.479492,0.107152,107152.282,False,0.021793
0.083400,0.414047,0.480295,0.105658,105657.536,False,0.021738
0.083600,0.414739,0.481097,0.104164,104164.420,False,0.021683
0.083800,0.415429,0.481898,0.102673,102672.931,False,0.021628
0.084000,0.416119,0.482698,0.101183,101183.065,False,0.021574
0.084200,0.416808,0.483497,0.099695,99694.820,False,0.021520
0.084400,0.417496,0.484296,0.098208,98208.191,False,0.021466
0.084600,0.418184,0.485093,0.096723,96723.175,False,0.021413
0.084800,0.418870,0.485890,0.095240,95239.768,False,0.021360
0.085000,0.419556,0.486686,0.093758,93757.968,False,0.021307
0.085200,0.420242,0.487480,0.092278,92277.771,False,0.021255
0.085400,0.420926,0.488275,0.090799,90799.172,False,0.021203
0.085600,0.421610,0.489068,0.089322,89322.170,False,0.021151
0.085800,0.422293,0.489860,0.087847,87846.760,False,0.021100
0.086000,0.422975,0.490652,0.086373,86372.939,False,0.021049
0.086200,0.423657,0.491442,0.084901,84900.704,False,0.020998
0.086400,0.424338,0.492232,0.083430,83430.051,False,0.020947
0.086600,0.425018,0.493021,0.081961,81960.978,False,0.020897
0.086800,0.425697,0.493809,0.080493,80493.480,False,0.020847
0.087000,0.426376,0.494596,0.079028,79027.555,False,0.020797
0.087200,0.427054,0.495383,0.077563,77563.199,False,0.020748
0.087400,0.427731,0.496168,0.076100,76100.410,False,0.020699
0.087600,0.428408,0.496953,0.074639,74639.183,False,0.020650
0.087800,0.429084,0.497737,0.073180,73179.515,False,0.020602
0.088000,0.429759,0.498520,0.071721,71721.404,False,0.020553
0.088200,0.430433,0.499302,0.070265,70264.846,False,0.020505
0.088400,0.431107,0.500084,0.068810,68809.838,False,0.020458
0.088600,0.431779,0.500864,0.067356,67356.377,False,0.020410
0.088800,0.432452,0.501644,0.065904,65904.459,False,0.020363
0.089000,0.433123,0.502423,0.064454,64454.082,False,0.020316
0.089200,0.433794,0.503201,0.063005,63005.242,False,0.020270
0.089400,0.434464,0.503978,0.061558,61557.937,False,0.020223
0.089600,0.435133,0.504755,0.060112,60112.163,False,0.020177
0.089800,0.435802,0.505530,0.058668,58667.916,False,0.020131
0.090000,0.436470,0.506305,0.057225,57225.195,False,0.020086
0.090200,0.437137,0.507079,0.055784,55783.996,False,0.020041
0.090400,0.437804,0.507852,0.054344,54344.316,False,0.019995
0.090600,0.438469,0.508624,0.052906,52906.151,False,0.019951
0.090800,0.439134,0.509396,0.051469,51469.500,False,0.019906
0.091000,0.439799,0.510167,0.050034,50034.358,False,0.019862
0.091200,0.440463,0.510937,0.048601,48600.723,False,0.019818
0.091400,0.441126,0.511706,0.047169,47168.593,False,0.019774
0.091600,0.441788,0.512474,0.045738,45737.963,False,0.019730
0.091800,0.442450,0.513242,0.044309,44308.831,False,0.019687
0.092000,0.443111,0.514008,0.042881,42881.194,False,0.019644
0.092200,0.443771,0.514774,0.041455,41455.050,False,0.019601
0.092400,0.444430,0.515539,0.040030,40030.394,False,0.019558
0.092600,0.445089,0.516304,0.038607,38607.225,False,0.019516
0.092800,0.445747,0.517067,0.037186,37185.540,False,0.019474
0.093000,0.446405,0.517830,0.035765,35765.335,False,0.019432
0.093200,0.447062,0.518592,0.034347,34346.608,False,0.019390
0.093400,0.447718,0.519353,0.032929,32929.355,False,0.019348
0.093600,0.448373,0.520113,0.031514,31513.575,False,0.019307
0.093800,0.449028,0.520873,0.030099,30099.264,False,0.019266
0.094000,0.449682,0.521631,0.028686,28686.420,False,0.019225
0.094200,0.450336,0.522389,0.027275,27275.039,False,0.019184
0.094400,0.450988,0.523147,0.025865,25865.119,False,0.019144
0.094600,0.451640,0.523903,0.024457,24456.657,False,0.019104
0.094800,0.452292,0.524659,0.023050,23049.650,False,0.019064
0.095000,0.452943,0.525413,0.021644,21644.096,False,0.019024
0.095200,0.453593,0.526167,0.020240,20239.992,False,0.018984
0.095400,0.454242,0.526921,0.018837,18837.334,False,0.018945
0.095600,0.454891,0.527673,0.017436,17436.122,False,0.018905
0.095800,0.455539,0.528425,0.016036,16036.351,False,0.018866
0.096000,0.456186,0.529176,0.014638,14638.018,False,0.018828
0.096200,0.456833,0.529926,0.013241,13241.123,False,0.018789
0.096400,0.457479,0.530675,0.011846,11845.660,False,0.018751
0.096600,0.458124,0.531424,0.010452,10451.629,False,0.018712
0.096800,0.458769,0.532172,0.009059,9059.026,False,0.018674
0.097000,0.459413,0.532919,0.007668,7667.849,False,0.018637
0.097200,0.460056,0.533665,0.006278,6278.095,False,0.018599
0.097400,0.460699,0.534411,0.004890,4889.762,False,0.018562
0.097600,0.461341,0.535156,0.003503,3502.846,False,0.018524
0.097800,0.461983,0.535900,0.002117,2117.346,False,0.018487
0.098000,0.462623,0.536643,0.000733,733.258,False,0.018450
0.098200,0.463264,0.537386,0.000000,0.000,False,0.018431
0.098400,0.463903,0.538128,0.000000,0.000,False,0.018431
0.098600,0.464542,0.538869,0.000000,0.000,False,0.018431
0.098800,0.465180,0.539609,0.000000,0.000,False,0.018431
0.099000,0.465818,0.540348,0.000000,0.000,False,0.018431
0.099200,0.466455,0.541087,0.000000,0.000,False,0.018431
0.099400,0.467091,0.541825,0.000000,0.000,False,0.018431
0.099600,0.467726,0.542563,0.000000,0.000,False,0.018431
0.099800,0.468361,0.543299,0.000000,0.000,False,0.018431
0.100000,0.468996,0.544035,0.000000,0.000,False,0.018431
0.100200,0.469629,0.544770,0.000000,0.000,False,0.018431
0.100400,0.470262,0.545504,0.000000,0.000,False,0.018431
0.100600,0.470895,0.546238,0.000000,0.000,False,0.018431
0.100800,0.471526,0.546971,0.000000,0.000,False,0.018431
0.101000,0.472158,0.547703,0.000000,0.000,False,0.018431
0.101200,0.472788,0.548434,0.000000,0.000,False,0.018431
0.101400,0.473418,0.549165,0.000000,0.000,False,0.018431
0.101600,0.474047,0.549895,0.000000,0.000,False,0.018431
0.101800,0.474676,0.550624,0.000000,0.000,False,0.018431
0.102000,0.475304,0.551352,0.000000,0.000,False,0.018431
0.102200,0.475931,0.552080,0.000000,0.000,False,0.018431
0.102400,0.476558,0.552807,0.000000,0.000,False,0.018431
0.102600,0.477184,0.553533,0.000000,0.000,False,0.018431
0.102800,0.477809,0.554259,0.000000,0.000,False,0.018431
0.103000,0.478434,0.554983,0.000000,0.000,False,0.018431
0.103200,0.479058,0.555707,0.000000,0.000,False,0.018431
0.103400,0.479682,0.556431,0.000000,0.000,False,0.018431
0.103600,0.480305,0.557153,0.000000,0.000,False,0.018431
0.103800,0.480927,0.557875,0.000000,0.000,False,0.018431
0.104000,0.481549,0.558596,0.000000,0.000,False,0.018431
0.104200,0.482170,0.559317,0.000000,0.000,False,0.018431
0.104400,0.482790,0.560036,0.000000,0.000,False,0.018431
0.104600,0.483410,0.560755,0.000000,0.000,False,0.018431
0.104800,0.484029,0.561474,0.000000,0.000,False,0.018431
0.105000,0.484648,0.562191,0.000000,0.000,False,0.018431
0.105200,0.485266,0.562908,0.000000,0.000,False,0.018431
0.105400,0.485883,0.563624,0.000000,0.000,False,0.018431
0.105600,0.486500,0.564340,0.000000,0.000,False,0.018431
0.105800,0.487116,0.565055,0.000000,0.000,False,0.018431
0.106000,0.487732,0.565769,0.000000,0.000,False,0.018431
0.106200,0.488347,0.566482,0.000000,0.000,False,0.018431
0.106400,0.488961,0.567195,0.000000,0.000,False,0.018431
0.106600,0.489575,0.567907,0.000000,0.000,False,0.018431
0.106800,0.490188,0.568618,0.000000,0.000,False,0.018431
0.107000,0.490800,0.569328,0.000000,0.000,False,0.018431
0.107200,0.491412,0.570038,0.000000,0.000,False,0.018431
0.107400,0.492023,0.570747,0.000000,0.000,False,0.018431
0.107600,0.492634,0.571456,0.000000,0.000,False,0.018431
0.107800,0.493244,0.572163,0.000000,0.000,False,0.018431
0.108000,0.493854,0.572870,0.000000,0.000,False,0.018431
0.108200,0.494463,0.573577,0.000000,0.000,False,0.018431
0.108400,0.495071,0.574282,0.000000,0.000,False,0.018431
0.108600,0.495679,0.574987,0.000000,0.000,False,0.018431
0.108800,0.496286,0.575691,0.000000,0.000,False,0.018431
0.109000,0.496892,0.576395,0.000000,0.000,False,0.018431
0.109200,0.497498,0.577098,0.000000,0.000,False,0.018431
0.109400,0.498104,0.577800,0.000000,0.000,False,0.018431
0.109600,0.498708,0.578502,0.000000,0.000,False,0.018431
0.109800,0.499312,0.579202,0.000000,0.000,False,0.018431
0.110000,0.499916,0.579903,0.000000,0.000,False,0.018431
0.110200,0.500519,0.580602,0.000000,0.000,False,0.018431
0.110400,0.501121,0.581301,0.000000,0.000,False,0.018431
0.110600,0.501723,0.581999,0.000000,0.000,False,0.018431
0.110800,0.502324,0.582696,0.000000,0.000,False,0.018431
0.111000,0.502925,0.583393,0.000000,0.000,False,0.018431
0.111200,0.503525,0.584089,0.000000,0.000,False,0.018431
0.111400,0.504124,0.584784,0.000000,0.000,False,0.018431
0.111600,0.504723,0.585479,0.000000,0.000,False,0.018431
0.111800,0.505322,0.586173,0.000000,0.000,False,0.018431
0.112000,0.505919,0.586866,0.000000,0.000,False,0.018431
0.112200,0.506516,0.587559,0.000000,0.000,False,0.018431
0.112400,0.507113,0.588251,0.000000,0.000,False,0.018431
0.112600,0.507709,0.588942,0.000000,0.000,False,0.018431
0.112800,0.508304,0.589633,0.000000,0.000,False,0.018431
0.113000,0.508899,0.590323,0.000000,0.000,False,0.018431
0.113200,0.509493,0.591012,0.000000,0.000,False,0.018431
0.113400,0.510087,0.591701,0.000000,0.000,False,0.018431
0.113600,0.510680,0.592389,0.000000,0.000,False,0.018431
0.113800,0.511273,0.593076,0.000000,0.000,False,0.018431
0.114000,0.511865,0.593763,0.000000,0.000,False,0.018431
0.114200,0.512456,0.594449,0.000000,0.000,False,0.018431
0.114400,0.513047,0.595134,0.000000,0.000,False,0.018431
0.114600,0.513637,0.595819,0.000000,0.000,False,0.018431
0.114800,0.514227,0.596503,0.000000,0.000,False,0.018431
0.115000,0.514816,0.597186,0.000000,0.000,False,0.018431
0.115200,0.515404,0.597869,0.000000,0.000,False,0.018431
0.115400,0.515992,0.598551,0.000000,0.000,False,0.018431
0.115600,0.516580,0.599232,0.000000,0.000,False,0.018431
0.115800,0.517166,0.599913,0.000000,0.000,False,0.018431
0.116000,0.517753,0.600593,0.000000,0.000,False,0.018431
0.116200,0.518338,0.601272,0.000000,0.000,False,0.018431
0.116400,0.518923,0.601951,0.000000,0.000,False,0.018431
0.116600,0.519508,0.602629,0.000000,0.000,False,0.018431
0.116800,0.520092,0.603307,0.000000,0.000,False,0.018431
0.117000,0.520676,0.603984,0.000000,0.000,False,0.018431
0.117200,0.521258,0.604660,0.000000,0.000,False,0.018431
0.117400,0.521841,0.605335,0.000000,0.000,False,0.018431
0.117600,0.522423,0.606010,0.000000,0.000,False,0.018431
0.117800,0.523004,0.606684,0.000000,0.000,False,0.018431
0.118000,0.523584,0.607358,0.000000,0.000,False,0.018431
0.118200,0.524165,0.608031,0.000000,0.000,False,0.018431
0.118400,0.524744,0.608703,0.000000,0.000,False,0.018431
0.118600,0.525323,0.609375,0.000000,0.000,False,0.018431
0.118800,0.525902,0.610046,0.000000,0.000,False,0.018431
0.119000,0.526480,0.610716,0.000000,0.000,False,0.018431
0.119200,0.527057,0.611386,0.000000,0.000,False,0.018431
0.119400,0.527634,0.612055,0.000000,0.000,False,0.018431
0.119600,0.528210,0.612724,0.000000,0.000,False,0.018431
0.119800,0.528786,0.613391,0.000000,0.000,False,0.018431
0.120000,0.529361,0.614059,0.000000,0.000,False,0.018431
